user_id,site,campaign_type,device_os,hour_of_day,day_of_week,historical_open_rate,historical_push_count,days_since_last_open,segment,target_opened
10000,site_c,informativa,ios,21,0,0.17,47,15,vip,0
10001,site_a,informativa,android,6,5,0.89,7,10,activo,1
10002,site_c,informativa,android,2,2,0.24,11,20,activo,1
10003,site_c,informativa,web,22,5,0.35,39,5,activo,0
10004,site_a,promocional,android,13,5,0.11,4,8,vip,0
10005,site_a,informativa,web,23,0,0.22,25,12,vip,1
10006,site_c,transaccional,web,9,3,0.52,12,23,dormido,1
10007,site_b,transaccional,ios,15,4,0.61,26,7,activo,0
10008,site_c,informativa,ios,15,6,0.25,38,13,activo,1
10009,site_c,informativa,ios,21,4,0.06,46,23,activo,0
10010,site_c,transaccional,web,9,4,0.39,12,0,dormido,1
10011,site_c,transaccional,ios,12,1,0.23,43,16,activo,0
10012,site_a,promocional,android,5,0,0.22,37,23,vip,1
10013,site_c,transaccional,android,11,6,0.96,46,4,activo,1
10014,site_b,transaccional,web,8,3,0.62,24,24,nuevo,1
10015,site_a,informativa,web,12,1,0.56,16,1,vip,1
10016,site_b,transaccional,ios,3,2,0.42,13,24,dormido,0
10017,site_b,promocional,web,23,3,0.43,25,27,activo,0
10018,site_b,transaccional,web,10,5,0.54,4,29,nuevo,0
10019,site_b,informativa,android,19,3,0.7,11,23,dormido,0
10020,site_a,informativa,android,17,3,0.7,32,8,dormido,1
10021,site_a,transaccional,ios,10,4,0.17,49,3,vip,1
10022,site_b,informativa,web,20,3,0.5,7,16,dormido,0
10023,site_b,promocional,web,3,5,0.41,46,16,dormido,0
10024,site_a,promocional,android,17,5,0.87,11,20,dormido,1
10025,site_a,transaccional,web,0,0,0.63,28,17,dormido,0
10026,site_a,transaccional,android,6,3,0.53,41,15,activo,1
10027,site_c,transaccional,ios,5,4,0.12,23,29,activo,0
10028,site_c,informativa,android,14,3,0.61,45,7,activo,0
10029,site_c,promocional,web,17,2,0.12,23,25,activo,0
10030,site_b,promocional,ios,23,2,0.34,28,10,nuevo,0
10031,site_c,informativa,android,10,4,0.14,43,20,activo,0
10032,site_b,promocional,android,19,0,0.69,47,20,dormido,0
10033,site_b,transaccional,ios,23,0,0.21,26,17,activo,0
10034,site_c,transaccional,ios,14,5,0.39,25,22,activo,1
10035,site_b,transaccional,android,15,5,0.9,29,28,vip,1
10036,site_c,promocional,web,6,1,0.2,19,23,dormido,0
10037,site_c,transaccional,android,20,4,0.51,33,9,activo,0
10038,site_a,informativa,ios,9,3,0.42,36,12,activo,0
10039,site_c,informativa,android,11,6,0.02,14,16,activo,1
10040,site_a,promocional,ios,23,4,0.79,14,17,nuevo,1
10041,site_c,informativa,ios,13,1,0.07,35,9,activo,0
10042,site_c,informativa,web,4,5,0.47,30,15,vip,1
10043,site_a,promocional,ios,20,4,0.56,28,19,dormido,0
10044,site_a,transaccional,ios,17,4,0.63,17,4,dormido,1
10045,site_c,transaccional,web,4,5,0.69,3,12,activo,1
10046,site_b,transaccional,ios,2,1,0.25,16,17,activo,0
10047,site_a,promocional,web,22,5,0.01,46,16,activo,0
10048,site_b,informativa,web,4,0,0.72,30,8,dormido,1
10049,site_b,transaccional,ios,23,3,0.54,29,13,dormido,1
10050,site_b,transaccional,ios,16,5,0.84,45,16,nuevo,0
10051,site_a,promocional,android,18,1,0.82,15,28,vip,1
10052,site_b,transaccional,web,18,2,0.84,46,3,nuevo,1
10053,site_a,promocional,android,20,0,0.49,25,17,vip,0
10054,site_b,informativa,ios,11,2,0.33,38,26,nuevo,1
10055,site_c,promocional,android,8,6,0.79,42,19,dormido,0
10056,site_c,promocional,web,0,5,0.45,47,23,nuevo,1
10057,site_a,promocional,android,17,0,0.18,38,23,vip,0
10058,site_c,promocional,web,20,3,0.85,23,14,activo,1
10059,site_c,informativa,ios,3,5,0.88,25,10,vip,0
10060,site_b,informativa,ios,9,3,0.47,42,11,activo,1
10061,site_a,transaccional,web,6,4,0.08,7,8,dormido,1
10062,site_b,informativa,ios,21,2,0.39,22,12,vip,0
10063,site_b,informativa,ios,22,0,0.8,17,14,nuevo,1
10064,site_b,transaccional,ios,0,3,0.9,18,26,vip,1
10065,site_b,informativa,ios,16,1,0.2,49,14,activo,1
10066,site_b,promocional,web,23,3,0.07,41,27,dormido,0
10067,site_b,promocional,android,1,1,0.88,10,4,nuevo,1
10068,site_b,transaccional,android,10,5,0.39,10,22,vip,1
10069,site_a,transaccional,ios,8,0,0.54,7,18,activo,0
10070,site_c,transaccional,android,6,3,0.97,48,25,nuevo,1
10071,site_b,promocional,android,21,6,0.07,38,19,dormido,0
10072,site_b,informativa,ios,16,3,0.65,27,25,nuevo,0
10073,site_b,promocional,ios,16,6,0.07,33,24,dormido,0
10074,site_b,transaccional,android,1,0,0.38,1,25,nuevo,0
10075,site_b,informativa,web,5,3,0.8,44,25,vip,0
10076,site_b,informativa,ios,13,1,0.43,34,13,activo,1
10077,site_c,promocional,web,5,3,1.0,4,27,vip,0
10078,site_c,transaccional,android,1,2,0.56,17,16,vip,1
10079,site_b,promocional,ios,0,5,0.32,4,17,dormido,1
10080,site_c,informativa,web,9,4,0.22,43,20,dormido,0
10081,site_a,promocional,ios,20,1,0.35,26,2,dormido,0
10082,site_b,promocional,android,4,2,0.37,4,1,vip,0
10083,site_a,transaccional,web,1,6,0.07,1,0,nuevo,1
10084,site_a,transaccional,android,21,5,0.37,7,9,nuevo,0
10085,site_b,informativa,android,15,0,0.46,30,18,vip,1
10086,site_c,promocional,ios,1,1,0.72,9,16,vip,1
10087,site_a,promocional,web,9,4,0.66,35,11,activo,0
10088,site_b,promocional,android,1,5,0.71,8,0,dormido,1
10089,site_a,informativa,android,15,6,0.01,24,11,dormido,0
10090,site_a,informativa,web,15,4,0.22,19,16,vip,1
10091,site_a,transaccional,android,18,0,0.66,36,23,vip,1
10092,site_a,transaccional,android,6,0,0.48,43,2,nuevo,0
10093,site_c,transaccional,web,21,6,0.01,27,10,vip,0
10094,site_a,promocional,web,11,1,0.8,32,16,nuevo,1
10095,site_a,promocional,web,23,6,0.77,14,22,vip,0
10096,site_a,transaccional,web,14,3,0.55,18,25,activo,0
10097,site_c,promocional,ios,7,0,0.07,28,2,activo,0
10098,site_a,transaccional,web,5,5,0.77,29,7,nuevo,0
10099,site_a,informativa,ios,9,3,0.58,16,19,dormido,0
10100,site_c,transaccional,ios,2,2,0.78,35,3,activo,1
10101,site_c,informativa,ios,18,4,0.75,47,20,nuevo,1
10102,site_c,promocional,android,16,3,0.8,31,21,vip,1
10103,site_a,transaccional,ios,6,4,0.52,4,6,vip,0
10104,site_c,promocional,ios,20,6,0.14,37,13,nuevo,0
10105,site_c,informativa,android,19,3,0.67,17,13,dormido,0
10106,site_a,informativa,android,3,6,0.62,39,3,nuevo,1
10107,site_c,informativa,android,13,2,0.74,48,15,nuevo,1
10108,site_a,promocional,web,19,0,0.17,46,23,activo,1
10109,site_b,promocional,android,21,2,0.19,26,28,nuevo,1
10110,site_c,promocional,android,14,0,0.89,48,21,nuevo,0
10111,site_b,promocional,ios,23,6,0.75,39,29,vip,0
10112,site_a,informativa,android,7,0,0.91,41,0,activo,0
10113,site_c,informativa,web,20,4,0.76,4,16,vip,1
10114,site_a,transaccional,android,14,5,0.6,30,24,vip,1
10115,site_b,transaccional,web,21,2,0.65,30,9,dormido,1
10116,site_a,promocional,android,19,3,0.89,22,21,dormido,1
10117,site_c,informativa,android,13,2,0.58,11,15,activo,0
10118,site_c,informativa,android,8,4,0.63,2,15,activo,0
10119,site_b,informativa,android,7,0,0.16,44,25,dormido,0
10120,site_a,transaccional,web,16,4,0.47,12,7,dormido,1
10121,site_c,transaccional,web,1,1,0.72,30,28,dormido,1
10122,site_b,informativa,ios,23,1,0.27,36,6,dormido,1
10123,site_c,informativa,web,2,3,0.2,18,27,dormido,0
10124,site_c,informativa,android,7,4,0.31,26,5,vip,1
10125,site_a,transaccional,ios,11,6,0.24,7,15,activo,1
10126,site_c,informativa,ios,0,3,0.21,1,19,vip,0
10127,site_a,informativa,ios,9,6,0.42,26,15,vip,0
10128,site_c,promocional,android,19,3,0.91,23,6,nuevo,1
10129,site_b,promocional,web,2,1,0.51,26,8,vip,1
10130,site_c,transaccional,android,5,3,0.19,45,13,dormido,0
10131,site_a,informativa,ios,6,1,0.08,6,10,dormido,1
10132,site_a,informativa,android,19,0,0.7,6,25,nuevo,1
10133,site_b,promocional,android,22,6,0.38,44,25,nuevo,0
10134,site_c,transaccional,web,17,4,0.82,8,13,nuevo,1
10135,site_c,promocional,web,10,3,0.66,24,6,nuevo,0
10136,site_b,promocional,ios,18,1,0.8,22,0,nuevo,1
10137,site_c,promocional,android,4,2,0.27,19,25,vip,0
10138,site_c,promocional,android,18,6,0.69,37,24,nuevo,1
10139,site_a,informativa,web,10,3,0.26,18,12,vip,1
10140,site_c,informativa,android,23,5,0.94,31,19,activo,1
10141,site_c,promocional,android,11,0,0.64,37,2,nuevo,1
10142,site_b,transaccional,android,9,0,0.32,30,19,nuevo,0
10143,site_b,transaccional,web,7,2,0.27,42,3,vip,0
10144,site_a,transaccional,ios,23,1,0.19,33,28,activo,0
10145,site_c,transaccional,ios,8,3,0.69,10,25,vip,0
10146,site_c,promocional,android,3,6,0.22,37,10,vip,0
10147,site_c,informativa,ios,4,1,0.6,12,1,nuevo,1
10148,site_a,transaccional,web,20,0,0.26,30,13,dormido,0
10149,site_a,promocional,web,7,1,0.66,27,11,dormido,0
10150,site_b,transaccional,ios,22,0,0.81,39,29,vip,0
10151,site_a,transaccional,ios,8,1,0.78,9,16,nuevo,1
10152,site_c,promocional,android,14,2,0.76,21,11,activo,0
10153,site_c,informativa,ios,14,4,0.19,12,25,dormido,1
10154,site_a,informativa,android,15,2,0.09,29,11,activo,0
10155,site_c,promocional,android,13,2,0.7,33,0,dormido,1
10156,site_c,informativa,web,7,4,0.37,43,12,nuevo,0
10157,site_a,promocional,web,17,4,0.43,15,13,vip,0
10158,site_a,promocional,web,9,3,0.03,2,23,activo,0
10159,site_c,promocional,web,19,6,0.26,39,29,activo,1
10160,site_c,informativa,ios,5,6,0.03,44,1,vip,1
10161,site_c,promocional,web,11,3,0.88,18,11,activo,1
10162,site_b,transaccional,ios,1,2,0.24,3,25,dormido,1
10163,site_b,informativa,web,6,2,0.56,7,20,vip,1
10164,site_b,informativa,ios,15,0,0.04,43,27,dormido,0
10165,site_a,informativa,android,2,0,0.67,18,15,dormido,1
10166,site_b,informativa,ios,12,6,0.32,44,3,nuevo,1
10167,site_a,transaccional,ios,2,3,0.9,38,7,dormido,0
10168,site_a,informativa,web,17,5,0.89,37,1,nuevo,1
10169,site_b,informativa,ios,10,5,0.33,33,9,activo,0
10170,site_b,promocional,android,7,3,0.9,44,8,activo,1
10171,site_b,informativa,android,5,0,1.0,31,22,nuevo,1
10172,site_c,transaccional,web,0,6,0.83,11,14,dormido,1
10173,site_b,transaccional,android,0,6,0.84,4,12,vip,1
10174,site_c,transaccional,ios,22,0,0.25,18,22,vip,0
10175,site_a,transaccional,android,7,5,0.58,4,16,nuevo,0
10176,site_c,informativa,web,4,1,0.07,49,29,activo,0
10177,site_b,informativa,ios,15,1,0.09,34,15,activo,0
10178,site_a,transaccional,web,10,0,1.0,29,27,vip,0
10179,site_a,transaccional,ios,4,1,0.33,24,1,nuevo,0
10180,site_a,informativa,android,3,4,0.75,22,19,vip,1
10181,site_c,transaccional,web,5,3,0.81,2,19,dormido,0
10182,site_b,promocional,web,13,3,0.86,44,26,dormido,1
10183,site_a,transaccional,ios,21,0,1.0,6,13,nuevo,1
10184,site_a,transaccional,web,18,2,0.24,42,2,nuevo,1
10185,site_a,promocional,ios,8,5,0.04,25,22,dormido,0
10186,site_c,promocional,ios,11,0,0.41,21,11,activo,0
10187,site_c,informativa,ios,10,1,0.13,16,7,nuevo,1
10188,site_b,informativa,ios,13,5,0.02,31,1,dormido,1
10189,site_c,promocional,android,22,2,0.36,14,3,dormido,1
10190,site_a,promocional,ios,15,1,0.78,39,13,activo,0
10191,site_b,informativa,web,0,6,0.57,28,15,activo,0
10192,site_a,transaccional,android,12,4,0.31,32,18,activo,0
10193,site_a,promocional,web,22,1,0.65,28,1,activo,1
10194,site_c,informativa,android,20,4,0.23,49,11,vip,1
10195,site_b,transaccional,ios,20,5,0.01,9,28,activo,0
10196,site_c,promocional,android,12,4,0.76,45,13,vip,1
10197,site_c,transaccional,android,1,5,0.62,22,5,nuevo,1
10198,site_b,informativa,web,3,5,0.76,32,12,dormido,1
10199,site_a,promocional,web,5,5,0.04,5,3,vip,0
10200,site_a,transaccional,ios,22,5,0.84,23,21,nuevo,0
10201,site_b,promocional,android,4,5,0.62,5,17,nuevo,1
10202,site_a,transaccional,android,2,1,0.56,42,11,vip,1
10203,site_b,informativa,android,0,5,0.62,32,19,nuevo,1
10204,site_b,informativa,ios,3,1,0.86,10,26,nuevo,0
10205,site_c,promocional,ios,19,5,0.59,39,21,vip,0
10206,site_b,transaccional,ios,1,4,0.58,15,29,nuevo,0
10207,site_c,promocional,ios,4,6,0.99,7,20,activo,1
10208,site_a,promocional,ios,2,5,0.76,29,18,activo,1
10209,site_a,transaccional,web,8,2,0.44,47,7,dormido,0
10210,site_a,transaccional,android,19,5,0.71,3,6,nuevo,1
10211,site_a,transaccional,android,5,5,0.39,19,15,dormido,1
10212,site_c,informativa,android,17,4,0.23,10,18,activo,0
10213,site_a,promocional,android,5,3,0.6,28,5,activo,1
10214,site_b,promocional,android,18,4,0.93,29,19,activo,1
10215,site_b,informativa,android,11,2,0.93,15,26,nuevo,1
10216,site_b,transaccional,android,10,3,0.34,35,20,nuevo,0
10217,site_c,informativa,android,1,0,0.53,6,10,activo,0
10218,site_a,informativa,web,14,0,0.21,12,4,dormido,1
10219,site_a,informativa,android,11,2,1.0,47,15,dormido,0
10220,site_a,promocional,web,11,4,0.98,38,6,vip,1
10221,site_c,informativa,ios,8,1,0.65,13,26,activo,1
10222,site_b,promocional,android,20,2,0.8,29,4,dormido,0
10223,site_b,promocional,ios,23,6,0.72,19,10,activo,1
10224,site_a,promocional,ios,1,3,0.59,3,14,dormido,1
10225,site_b,transaccional,ios,21,3,0.05,8,2,vip,0
10226,site_b,promocional,web,2,5,0.45,8,25,vip,1
10227,site_c,promocional,ios,11,0,0.67,20,4,activo,1
10228,site_c,transaccional,ios,15,3,0.68,47,22,dormido,1
10229,site_c,promocional,ios,20,2,0.37,4,20,nuevo,0
10230,site_c,informativa,android,23,3,0.94,21,4,vip,1
10231,site_a,informativa,android,0,2,0.17,3,8,activo,0
10232,site_c,promocional,web,20,1,0.5,45,14,activo,1
10233,site_b,transaccional,web,2,5,0.69,8,2,dormido,1
10234,site_a,informativa,android,19,0,0.7,23,28,activo,0
10235,site_b,transaccional,web,1,3,0.65,16,5,vip,1
10236,site_b,transaccional,android,8,2,0.28,13,16,activo,1
10237,site_b,informativa,ios,18,4,0.16,3,25,activo,0
10238,site_c,transaccional,ios,14,0,0.64,48,20,nuevo,0
10239,site_c,informativa,web,17,1,0.6,9,7,nuevo,1
10240,site_a,transaccional,android,10,2,0.18,14,20,vip,0
10241,site_a,informativa,android,22,6,0.71,13,24,dormido,0
10242,site_c,promocional,web,15,6,0.46,7,10,nuevo,1
10243,site_b,informativa,android,21,5,0.67,15,5,dormido,1
10244,site_a,informativa,ios,16,5,0.84,7,7,vip,0
10245,site_c,informativa,web,4,1,0.17,38,9,nuevo,1
10246,site_c,informativa,web,11,1,0.02,34,23,dormido,0
10247,site_c,transaccional,android,10,5,0.78,41,28,nuevo,1
10248,site_b,promocional,web,14,3,0.61,22,2,vip,1
10249,site_c,informativa,android,2,3,0.7,24,22,vip,0
10250,site_c,transaccional,android,0,2,0.84,49,13,nuevo,1
10251,site_c,promocional,android,19,4,0.8,37,22,dormido,1
10252,site_c,promocional,android,15,2,0.96,44,13,activo,1
10253,site_a,promocional,android,1,4,0.54,1,9,activo,1
10254,site_a,promocional,web,1,1,0.49,10,11,nuevo,1
10255,site_c,informativa,ios,2,0,0.4,43,5,dormido,0
10256,site_b,informativa,ios,7,2,0.15,16,11,activo,1
10257,site_a,transaccional,web,23,2,0.57,46,22,vip,0
10258,site_c,transaccional,web,14,4,0.28,8,13,dormido,0
10259,site_a,transaccional,ios,6,1,0.92,49,1,activo,1
10260,site_a,promocional,ios,5,1,0.58,25,8,dormido,0
10261,site_b,promocional,ios,8,6,0.59,12,9,nuevo,1
10262,site_c,informativa,ios,19,4,0.35,25,25,dormido,0
10263,site_c,promocional,ios,0,1,0.05,17,16,activo,1
10264,site_b,promocional,android,7,5,0.03,26,16,nuevo,0
10265,site_b,promocional,web,22,3,0.42,46,2,dormido,1
10266,site_c,transaccional,android,22,6,0.08,48,29,vip,1
10267,site_c,transaccional,ios,2,5,0.61,14,18,activo,1
10268,site_b,informativa,ios,3,0,0.88,41,0,nuevo,1
10269,site_a,promocional,ios,14,2,0.88,36,11,dormido,1
10270,site_a,promocional,android,5,6,0.66,23,6,vip,1
10271,site_b,informativa,android,14,0,0.21,43,3,activo,1
10272,site_a,promocional,ios,20,2,0.86,6,9,vip,1
10273,site_b,promocional,android,2,3,0.89,47,12,dormido,0
10274,site_a,transaccional,android,20,1,0.2,5,1,dormido,1
10275,site_a,informativa,ios,20,5,0.74,43,9,nuevo,0
10276,site_c,informativa,android,13,4,0.29,25,20,vip,1
10277,site_c,informativa,web,19,5,0.8,18,21,nuevo,0
10278,site_a,informativa,web,13,3,1.0,13,24,activo,1
10279,site_a,transaccional,web,3,0,0.03,43,3,nuevo,0
10280,site_c,transaccional,web,11,4,0.9,14,17,activo,1
10281,site_c,promocional,ios,16,1,0.62,28,4,dormido,1
10282,site_c,promocional,ios,6,3,0.97,18,18,dormido,0
10283,site_b,promocional,ios,8,4,0.47,28,1,vip,1
10284,site_a,promocional,web,2,3,0.85,27,11,activo,1
10285,site_c,transaccional,web,12,3,0.06,32,16,dormido,0
10286,site_a,informativa,android,14,1,0.34,47,9,vip,0
10287,site_b,transaccional,android,17,6,0.07,9,1,vip,1
10288,site_b,promocional,web,18,2,0.98,40,5,nuevo,1
10289,site_c,transaccional,web,0,4,0.82,32,7,vip,0
10290,site_b,informativa,web,5,1,0.85,20,28,dormido,0
10291,site_a,informativa,web,22,3,0.94,28,18,nuevo,0
10292,site_c,transaccional,android,1,1,0.09,33,10,activo,0
10293,site_a,transaccional,web,23,6,0.39,4,24,activo,1
10294,site_a,transaccional,android,13,2,0.07,46,11,dormido,0
10295,site_b,promocional,web,5,5,0.21,34,8,dormido,1
10296,site_b,transaccional,web,13,4,0.23,48,1,nuevo,1
10297,site_b,transaccional,web,3,2,0.47,3,7,nuevo,1
10298,site_b,transaccional,android,20,0,0.27,26,25,dormido,0
10299,site_b,informativa,android,7,4,0.1,8,10,dormido,1
10300,site_c,informativa,ios,2,2,0.17,6,27,activo,0
10301,site_a,promocional,web,18,3,0.15,16,20,activo,1
10302,site_a,promocional,ios,13,4,0.97,24,3,activo,1
10303,site_a,informativa,ios,19,4,0.76,48,9,dormido,0
10304,site_a,informativa,android,16,1,0.97,39,20,vip,1
10305,site_b,informativa,android,7,3,0.44,30,19,dormido,1
10306,site_a,transaccional,ios,23,0,0.28,45,15,dormido,1
10307,site_c,transaccional,web,13,5,0.8,13,7,activo,0
10308,site_c,informativa,android,5,6,0.33,5,3,dormido,1
10309,site_a,transaccional,web,22,2,0.3,25,28,nuevo,0
10310,site_a,transaccional,web,21,1,0.23,20,9,dormido,0
10311,site_c,promocional,ios,15,2,0.13,18,11,dormido,0
10312,site_c,informativa,ios,18,0,0.26,47,28,dormido,1
10313,site_b,informativa,ios,13,0,0.36,18,13,dormido,1
10314,site_c,transaccional,ios,18,4,0.67,2,15,vip,1
10315,site_b,informativa,android,2,6,0.06,10,21,dormido,0
10316,site_b,promocional,android,9,0,0.21,45,17,nuevo,1
10317,site_b,promocional,ios,18,2,0.81,47,20,nuevo,1
10318,site_b,promocional,android,8,3,0.15,12,21,dormido,0
10319,site_b,informativa,ios,19,3,0.34,47,20,activo,0
10320,site_a,informativa,web,12,4,0.86,13,11,vip,1
10321,site_c,informativa,web,6,5,0.15,47,17,dormido,0
10322,site_b,informativa,web,13,2,0.08,11,29,dormido,1
10323,site_c,informativa,ios,8,2,0.48,19,6,dormido,0
10324,site_c,promocional,web,22,0,0.3,35,19,activo,0
10325,site_b,transaccional,android,18,6,0.56,39,23,activo,0
10326,site_a,promocional,web,14,2,0.8,26,22,activo,1
10327,site_b,informativa,web,19,1,0.14,46,6,vip,1
10328,site_a,promocional,web,13,5,0.58,14,8,nuevo,1
10329,site_c,informativa,android,23,0,0.51,45,0,vip,1
10330,site_a,informativa,ios,5,1,0.14,44,25,activo,0
10331,site_a,promocional,android,20,4,0.62,24,5,nuevo,0
10332,site_a,informativa,ios,3,3,0.27,41,5,nuevo,1
10333,site_c,transaccional,ios,7,4,0.49,1,21,activo,1
10334,site_c,informativa,web,16,3,0.08,43,28,activo,0
10335,site_a,transaccional,ios,8,4,0.46,22,11,vip,1
10336,site_a,transaccional,android,0,2,0.31,23,21,activo,1
10337,site_b,informativa,android,23,1,0.82,19,11,nuevo,0
10338,site_a,promocional,ios,19,3,0.06,18,9,dormido,0
10339,site_b,transaccional,web,13,0,0.42,12,22,activo,0
10340,site_a,promocional,web,10,1,0.46,28,29,activo,0
10341,site_b,transaccional,android,20,0,0.73,28,25,vip,0
10342,site_c,informativa,web,2,1,0.57,33,5,vip,1
10343,site_a,informativa,ios,8,1,0.67,19,16,activo,1
10344,site_a,transaccional,ios,13,4,0.78,28,18,nuevo,1
10345,site_a,informativa,android,8,3,0.86,49,17,nuevo,0
10346,site_a,transaccional,ios,3,3,0.31,37,5,dormido,1
10347,site_b,informativa,android,3,6,0.54,26,23,activo,0
10348,site_a,promocional,ios,7,1,0.84,35,18,vip,1
10349,site_c,informativa,android,1,2,0.99,34,9,nuevo,0
10350,site_c,promocional,web,8,2,0.89,35,23,dormido,0
10351,site_a,informativa,ios,13,0,0.37,40,7,activo,0
10352,site_c,promocional,ios,21,0,0.2,16,20,nuevo,0
10353,site_a,informativa,android,8,4,0.49,38,23,activo,0
10354,site_a,promocional,android,23,1,0.74,13,5,activo,0
10355,site_c,transaccional,ios,22,0,0.49,23,20,nuevo,0
10356,site_a,transaccional,android,15,0,0.48,22,24,nuevo,0
10357,site_c,promocional,ios,16,5,0.84,16,29,nuevo,1
10358,site_b,informativa,web,15,1,0.36,28,6,activo,0
10359,site_a,promocional,android,11,4,0.86,48,23,activo,0
10360,site_b,informativa,ios,2,0,0.41,35,0,dormido,0
10361,site_c,transaccional,web,10,4,0.33,45,26,vip,0
10362,site_b,informativa,web,13,3,0.45,46,17,activo,0
10363,site_b,transaccional,ios,17,4,0.76,8,23,vip,1
10364,site_c,informativa,android,20,2,0.13,44,27,nuevo,0
10365,site_b,informativa,ios,20,2,0.2,22,24,activo,0
10366,site_b,informativa,web,4,4,0.95,21,19,dormido,1
10367,site_c,promocional,ios,15,2,0.18,26,11,dormido,1
10368,site_b,promocional,android,19,3,0.57,40,15,vip,0
10369,site_c,transaccional,web,4,1,0.58,21,9,nuevo,1
10370,site_b,transaccional,ios,2,2,0.49,25,26,vip,0
10371,site_c,promocional,android,11,2,0.64,41,9,nuevo,0
10372,site_c,transaccional,web,0,4,0.23,1,13,dormido,0
10373,site_b,promocional,android,20,3,0.55,6,24,vip,0
10374,site_b,informativa,web,8,6,0.37,23,19,dormido,0
10375,site_b,transaccional,ios,8,6,0.66,23,9,dormido,0
10376,site_a,transaccional,android,3,6,0.14,43,9,nuevo,0
10377,site_a,promocional,web,2,6,0.57,43,25,vip,0
10378,site_a,transaccional,android,16,1,0.19,23,24,vip,0
10379,site_c,transaccional,android,1,4,0.28,32,10,dormido,0
10380,site_b,informativa,ios,23,4,0.22,30,22,dormido,1
10381,site_c,transaccional,android,0,5,0.18,13,1,nuevo,0
10382,site_a,informativa,web,7,3,0.83,43,24,activo,1
10383,site_b,promocional,web,12,6,0.29,18,19,activo,0
10384,site_c,transaccional,web,22,1,0.93,23,7,dormido,1
10385,site_b,informativa,web,14,3,0.97,15,29,activo,1
10386,site_c,promocional,ios,7,6,0.57,33,22,activo,0
10387,site_b,transaccional,android,11,1,0.14,21,28,activo,1
10388,site_a,promocional,ios,21,3,0.37,39,6,activo,1
10389,site_a,transaccional,android,11,4,0.8,23,7,dormido,1
10390,site_b,promocional,android,13,4,0.37,27,0,activo,0
10391,site_c,promocional,android,14,0,0.09,45,20,activo,0
10392,site_a,informativa,ios,14,2,0.56,44,1,nuevo,1
10393,site_a,promocional,android,8,6,0.85,18,17,dormido,1
10394,site_a,transaccional,ios,18,5,0.8,24,14,vip,1
10395,site_b,transaccional,web,19,3,0.18,47,0,vip,1
10396,site_b,informativa,web,21,5,0.67,40,4,nuevo,1
10397,site_c,transaccional,android,7,0,0.22,42,1,nuevo,0
10398,site_c,transaccional,ios,20,2,0.22,7,19,dormido,1
10399,site_c,transaccional,web,18,3,0.87,48,2,vip,1
10400,site_b,promocional,ios,5,1,0.25,20,18,activo,0
10401,site_b,promocional,ios,19,6,0.26,27,17,nuevo,0
10402,site_c,transaccional,android,18,2,0.0,6,28,vip,0
10403,site_c,informativa,web,3,4,0.87,27,21,dormido,1
10404,site_b,promocional,android,22,0,0.79,9,17,activo,1
10405,site_c,informativa,android,6,2,0.63,45,13,dormido,1
10406,site_a,transaccional,web,3,6,0.75,31,29,nuevo,0
10407,site_b,transaccional,web,21,2,0.15,21,23,vip,0
10408,site_c,promocional,ios,11,6,0.46,26,7,vip,0
10409,site_b,transaccional,web,12,4,0.35,40,28,vip,0
10410,site_a,promocional,ios,2,3,0.09,48,29,vip,0
10411,site_b,transaccional,ios,21,1,0.49,45,11,activo,0
10412,site_b,transaccional,ios,11,4,0.92,13,20,activo,1
10413,site_b,promocional,web,1,1,0.04,49,9,dormido,0
10414,site_b,promocional,android,23,3,0.29,23,22,activo,0
10415,site_a,promocional,ios,1,2,0.21,20,19,nuevo,1
10416,site_b,transaccional,android,22,1,0.24,37,16,nuevo,1
10417,site_b,transaccional,android,8,0,0.91,28,10,vip,1
10418,site_c,informativa,web,0,0,0.47,17,1,nuevo,0
10419,site_b,promocional,android,7,6,0.47,28,25,dormido,0
10420,site_c,transaccional,android,22,4,0.76,41,25,activo,0
10421,site_a,transaccional,web,5,3,0.15,2,3,activo,1
10422,site_a,promocional,ios,5,6,0.49,25,0,activo,0
10423,site_a,informativa,android,21,4,0.43,41,14,nuevo,0
10424,site_a,promocional,web,17,4,0.6,6,12,activo,0
10425,site_c,informativa,android,16,6,1.0,11,7,vip,1
10426,site_b,transaccional,android,11,5,0.77,38,24,vip,0
10427,site_a,informativa,ios,5,4,0.4,6,3,vip,1
10428,site_b,transaccional,android,7,5,0.83,45,9,nuevo,0
10429,site_c,promocional,web,18,0,0.17,11,18,activo,1
10430,site_c,promocional,android,9,0,0.03,14,17,nuevo,0
10431,site_c,promocional,ios,0,4,0.2,2,4,activo,1
10432,site_a,informativa,ios,12,0,0.34,40,29,dormido,1
10433,site_b,transaccional,web,16,3,0.51,3,18,dormido,1
10434,site_b,promocional,ios,2,5,0.62,35,25,nuevo,0
10435,site_b,promocional,android,7,5,0.91,33,22,vip,1
10436,site_c,transaccional,ios,13,4,0.51,24,26,nuevo,0
10437,site_a,promocional,web,2,0,0.5,19,21,vip,0
10438,site_c,transaccional,ios,15,1,0.05,18,15,activo,0
10439,site_c,transaccional,ios,12,6,0.03,49,0,vip,1
10440,site_b,transaccional,ios,19,6,0.55,24,11,vip,1
10441,site_c,transaccional,web,23,5,0.44,45,23,activo,0
10442,site_b,transaccional,ios,16,4,0.84,35,1,dormido,0
10443,site_a,informativa,ios,12,4,0.16,1,20,activo,0
10444,site_b,promocional,android,5,3,0.02,36,24,nuevo,0
10445,site_a,informativa,web,16,2,0.45,25,7,nuevo,1
10446,site_b,promocional,ios,13,2,0.24,45,17,nuevo,0
10447,site_c,informativa,web,16,5,0.05,49,24,nuevo,0
10448,site_c,transaccional,ios,7,6,0.72,43,15,nuevo,1
10449,site_a,promocional,ios,10,3,0.11,34,4,dormido,1
10450,site_a,promocional,ios,19,3,0.61,25,25,dormido,0
10451,site_a,informativa,android,0,3,0.28,16,29,vip,0
10452,site_b,informativa,android,6,5,0.17,34,21,nuevo,0
10453,site_b,promocional,android,20,2,0.38,29,12,activo,0
10454,site_a,informativa,web,20,6,0.8,19,18,nuevo,1
10455,site_c,informativa,web,16,3,0.39,23,28,dormido,0
10456,site_b,informativa,android,9,6,0.75,19,2,nuevo,1
10457,site_b,transaccional,web,10,0,0.13,25,25,dormido,0
10458,site_b,transaccional,ios,21,4,0.77,16,7,vip,0
10459,site_a,informativa,ios,8,4,0.24,9,26,vip,1
10460,site_a,informativa,ios,8,6,0.68,1,25,vip,1
10461,site_a,transaccional,android,23,1,0.57,42,25,dormido,1
10462,site_a,transaccional,web,4,1,0.93,19,11,nuevo,1
10463,site_a,promocional,android,16,5,0.39,33,1,nuevo,0
10464,site_c,promocional,web,8,5,0.07,34,10,activo,0
10465,site_c,transaccional,ios,16,4,0.02,16,11,dormido,0
10466,site_a,informativa,android,23,0,0.83,44,27,activo,0
10467,site_b,informativa,web,20,2,0.52,40,17,vip,0
10468,site_a,informativa,web,18,2,0.78,18,12,nuevo,1
10469,site_c,informativa,ios,6,5,0.23,34,4,dormido,0
10470,site_c,promocional,android,22,0,0.35,25,21,activo,0
10471,site_b,transaccional,android,8,5,0.03,45,11,activo,0
10472,site_c,informativa,android,6,2,0.96,6,1,activo,1
10473,site_a,promocional,ios,12,6,0.67,21,4,nuevo,0
10474,site_b,informativa,android,10,5,0.93,6,6,nuevo,1
10475,site_a,transaccional,ios,13,3,0.27,32,25,nuevo,0
10476,site_a,promocional,ios,18,6,0.61,41,25,dormido,0
10477,site_b,transaccional,ios,10,5,0.68,48,23,nuevo,0
10478,site_a,transaccional,web,12,4,0.32,43,11,dormido,0
10479,site_c,promocional,android,13,5,0.85,39,15,activo,0
10480,site_a,promocional,android,12,4,0.95,31,22,activo,1
10481,site_b,promocional,ios,0,0,0.88,42,7,vip,1
10482,site_b,promocional,ios,7,2,0.74,10,29,nuevo,0
10483,site_b,promocional,android,11,6,0.28,30,27,activo,0
10484,site_a,promocional,ios,18,6,0.28,18,8,nuevo,0
10485,site_b,promocional,android,11,1,0.96,24,14,dormido,0
10486,site_b,informativa,web,7,1,0.01,9,4,activo,0
10487,site_a,transaccional,ios,7,2,0.72,31,12,nuevo,1
10488,site_c,promocional,android,20,1,0.71,15,4,activo,1
10489,site_a,informativa,ios,12,6,0.62,4,10,activo,1
10490,site_b,informativa,android,11,5,0.99,40,9,nuevo,0
10491,site_b,informativa,android,15,0,0.31,9,19,activo,1
10492,site_a,transaccional,ios,0,0,0.34,45,12,activo,1
10493,site_c,promocional,web,12,2,0.08,9,8,activo,1
10494,site_b,informativa,android,6,1,0.44,26,20,activo,1
10495,site_b,transaccional,android,4,5,0.26,4,13,dormido,1
10496,site_b,transaccional,android,7,0,0.34,17,17,activo,0
10497,site_a,transaccional,web,13,0,0.83,16,14,vip,1
10498,site_b,informativa,web,22,3,0.94,15,9,activo,1
10499,site_c,promocional,ios,12,3,0.19,35,23,nuevo,0
10500,site_b,informativa,web,14,6,0.37,5,6,vip,1
10501,site_b,informativa,ios,22,0,0.93,5,7,dormido,1
10502,site_c,promocional,ios,16,2,0.06,20,27,vip,0
10503,site_b,promocional,web,14,4,0.09,15,2,vip,1
10504,site_a,promocional,ios,19,4,0.16,18,14,vip,0
10505,site_a,transaccional,web,17,5,0.6,47,15,nuevo,1
10506,site_a,promocional,ios,17,0,0.15,2,3,nuevo,0
10507,site_c,informativa,web,1,0,0.97,29,20,nuevo,1
10508,site_b,promocional,web,3,6,0.45,13,5,dormido,0
10509,site_a,informativa,ios,0,0,0.5,4,0,nuevo,1
10510,site_c,transaccional,android,3,2,0.25,42,3,nuevo,1
10511,site_b,informativa,ios,17,3,0.47,45,10,vip,0
10512,site_c,informativa,web,4,0,0.66,10,11,nuevo,1
10513,site_a,promocional,android,18,0,0.75,31,25,activo,0
10514,site_a,promocional,ios,14,6,0.75,41,28,nuevo,1
10515,site_a,informativa,ios,7,1,0.58,8,4,dormido,1
10516,site_c,promocional,ios,19,6,0.9,3,22,dormido,1
10517,site_c,transaccional,android,16,6,0.82,48,28,activo,1
10518,site_a,transaccional,web,0,2,0.76,46,20,dormido,0
10519,site_c,promocional,ios,11,5,0.06,9,15,dormido,0
10520,site_a,transaccional,ios,18,0,0.01,30,12,vip,0
10521,site_a,promocional,ios,14,6,0.21,11,12,activo,0
10522,site_b,informativa,ios,8,6,0.66,35,16,vip,1
10523,site_c,informativa,ios,6,1,0.41,37,26,vip,0
10524,site_a,transaccional,web,1,6,0.4,42,6,nuevo,1
10525,site_a,promocional,web,8,4,0.88,13,7,activo,1
10526,site_c,promocional,ios,9,5,0.9,36,12,nuevo,0
10527,site_b,transaccional,android,1,0,0.91,13,22,nuevo,1
10528,site_b,informativa,web,18,0,0.31,12,26,vip,0
10529,site_a,transaccional,android,10,1,0.69,37,15,dormido,1
10530,site_c,informativa,web,12,2,0.27,10,29,activo,0
10531,site_b,promocional,ios,9,0,0.19,9,28,dormido,1
10532,site_c,informativa,web,13,4,0.18,7,3,vip,1
10533,site_c,transaccional,ios,17,0,0.34,2,7,vip,1
10534,site_a,promocional,web,18,4,0.43,23,15,vip,0
10535,site_b,transaccional,ios,21,5,0.83,39,20,vip,0
10536,site_a,transaccional,ios,8,5,0.12,40,9,vip,1
10537,site_b,informativa,ios,6,3,0.73,39,24,vip,0
10538,site_b,transaccional,ios,2,3,0.53,21,11,dormido,1
10539,site_b,informativa,android,19,4,0.29,23,11,nuevo,0
10540,site_b,promocional,ios,5,2,0.49,29,25,dormido,0
10541,site_b,informativa,android,20,0,0.3,14,4,activo,0
10542,site_c,promocional,android,1,6,0.6,26,15,dormido,0
10543,site_a,informativa,ios,5,0,0.43,5,0,vip,0
10544,site_c,transaccional,android,2,3,0.16,31,27,dormido,0
10545,site_b,informativa,web,15,6,0.12,25,8,nuevo,0
10546,site_a,informativa,ios,7,4,0.55,31,11,activo,0
10547,site_b,promocional,android,1,6,0.9,20,4,dormido,1
10548,site_a,transaccional,ios,16,0,0.34,44,21,nuevo,0
10549,site_c,informativa,ios,8,0,0.73,17,19,dormido,0
10550,site_a,transaccional,ios,11,2,0.66,45,21,activo,0
10551,site_a,informativa,android,2,1,0.93,2,27,dormido,1
10552,site_a,informativa,web,10,6,0.82,25,23,vip,1
10553,site_a,transaccional,web,0,3,0.57,13,2,dormido,0
10554,site_a,informativa,android,22,3,0.66,39,4,nuevo,1
10555,site_b,transaccional,ios,12,1,0.9,28,1,dormido,1
10556,site_a,informativa,android,14,0,0.4,42,13,nuevo,0
10557,site_a,promocional,android,4,2,0.33,6,1,activo,1
10558,site_c,transaccional,android,20,2,0.01,3,12,dormido,0
10559,site_a,informativa,ios,16,3,0.83,35,6,activo,0
10560,site_c,informativa,android,22,2,0.8,18,9,activo,1
10561,site_b,promocional,ios,23,5,0.1,11,12,dormido,0
10562,site_a,transaccional,android,5,1,0.58,20,15,nuevo,1
10563,site_c,informativa,web,20,0,0.46,5,25,activo,1
10564,site_c,promocional,android,21,5,0.12,19,13,activo,0
10565,site_b,informativa,android,10,1,0.98,22,10,dormido,1
10566,site_a,transaccional,web,17,4,0.21,19,9,dormido,1
10567,site_a,informativa,ios,3,6,0.07,47,5,dormido,0
10568,site_c,informativa,ios,2,3,0.59,16,3,dormido,0
10569,site_a,informativa,android,12,2,0.74,24,20,dormido,1
10570,site_c,informativa,web,22,4,0.03,41,0,vip,1
10571,site_a,promocional,ios,8,2,0.66,4,6,dormido,1
10572,site_c,promocional,android,20,5,0.53,15,23,nuevo,0
10573,site_a,transaccional,web,5,0,0.1,25,8,activo,1
10574,site_b,promocional,ios,11,0,0.17,44,7,nuevo,0
10575,site_a,promocional,ios,1,0,0.57,35,4,nuevo,1
10576,site_a,transaccional,web,2,2,0.3,14,18,vip,0
10577,site_b,promocional,web,2,4,0.94,49,9,dormido,1
10578,site_a,promocional,web,11,0,0.82,19,10,activo,1
10579,site_b,transaccional,web,14,4,0.98,38,24,nuevo,1
10580,site_a,transaccional,android,8,2,0.26,36,14,dormido,0
10581,site_c,transaccional,web,22,5,0.97,7,5,dormido,1
10582,site_c,informativa,ios,7,4,0.43,30,14,vip,0
10583,site_a,informativa,ios,10,5,0.35,19,4,vip,0
10584,site_a,transaccional,android,15,2,0.05,49,28,vip,1
10585,site_a,transaccional,ios,21,2,0.05,25,18,activo,0
10586,site_c,transaccional,ios,3,3,0.69,16,21,nuevo,1
10587,site_a,informativa,web,0,2,0.46,47,18,vip,0
10588,site_c,informativa,ios,23,2,0.23,40,9,vip,1
10589,site_b,promocional,android,6,1,0.61,8,11,vip,1
10590,site_c,promocional,web,1,0,0.25,18,21,nuevo,0
10591,site_c,transaccional,web,23,3,0.58,28,3,nuevo,1
10592,site_b,informativa,android,4,6,0.36,16,17,vip,0
10593,site_c,informativa,web,6,3,0.82,19,15,vip,1
10594,site_a,informativa,web,3,3,0.82,42,7,dormido,1
10595,site_a,transaccional,android,4,6,0.48,17,3,vip,0
10596,site_c,promocional,web,23,1,0.35,45,24,activo,0
10597,site_a,transaccional,android,0,5,0.36,13,22,activo,0
10598,site_c,promocional,android,0,2,0.81,7,11,vip,1
10599,site_a,promocional,ios,14,0,0.33,27,1,nuevo,0
10600,site_a,transaccional,ios,19,4,0.21,10,3,dormido,0
10601,site_c,promocional,web,18,6,0.08,34,4,nuevo,0
10602,site_a,promocional,web,9,5,0.47,36,2,vip,1
10603,site_c,informativa,android,17,6,0.48,25,8,activo,0
10604,site_a,promocional,web,2,2,0.84,6,28,dormido,0
10605,site_a,transaccional,android,10,1,0.22,24,20,nuevo,0
10606,site_b,transaccional,android,14,6,0.38,18,17,nuevo,0
10607,site_b,promocional,web,10,2,0.81,23,10,vip,0
10608,site_c,informativa,android,16,2,0.82,6,2,dormido,1
10609,site_b,informativa,ios,16,1,0.38,29,29,activo,0
10610,site_c,promocional,web,5,3,0.46,25,24,vip,0
10611,site_b,promocional,ios,4,3,0.3,17,22,dormido,1
10612,site_a,transaccional,web,7,0,0.93,46,1,nuevo,1
10613,site_c,promocional,android,1,0,0.12,24,8,vip,0
10614,site_c,informativa,web,15,3,0.93,11,13,nuevo,1
10615,site_a,promocional,ios,19,5,0.68,26,3,nuevo,0
10616,site_c,transaccional,android,23,4,0.53,34,28,vip,0
10617,site_c,transaccional,web,11,2,0.03,28,8,vip,0
10618,site_b,transaccional,web,5,4,0.48,3,12,vip,1
10619,site_c,transaccional,web,0,2,0.41,11,17,vip,0
10620,site_a,transaccional,ios,3,3,0.16,38,14,vip,0
10621,site_b,promocional,ios,16,0,0.66,14,27,nuevo,0
10622,site_b,promocional,web,12,5,0.97,26,9,activo,1
10623,site_a,promocional,android,17,0,0.56,48,15,activo,1
10624,site_a,promocional,android,4,4,0.71,21,11,vip,1
10625,site_b,transaccional,ios,23,0,0.07,39,19,nuevo,0
10626,site_c,informativa,android,23,3,0.42,30,4,activo,0
10627,site_b,promocional,ios,2,5,0.12,8,1,activo,0
10628,site_a,informativa,web,10,4,0.61,20,9,activo,1
10629,site_b,promocional,ios,12,5,0.94,48,0,nuevo,1
10630,site_a,promocional,ios,3,2,0.66,32,6,vip,0
10631,site_b,informativa,web,13,0,0.08,22,25,vip,0
10632,site_c,transaccional,android,21,5,0.35,7,16,vip,1
10633,site_b,promocional,ios,10,1,0.55,9,15,dormido,1
10634,site_b,promocional,ios,9,0,0.4,45,26,dormido,0
10635,site_a,promocional,web,18,2,0.83,1,26,dormido,1
10636,site_a,informativa,android,17,5,0.81,29,23,nuevo,1
10637,site_a,transaccional,ios,5,4,0.61,8,2,activo,1
10638,site_b,informativa,web,14,2,0.37,4,13,activo,1
10639,site_c,informativa,ios,20,1,0.26,35,9,nuevo,1
10640,site_a,transaccional,web,9,5,0.11,3,21,nuevo,0
10641,site_a,informativa,android,4,6,0.35,45,6,vip,0
10642,site_b,transaccional,android,4,6,0.41,40,25,vip,0
10643,site_a,promocional,android,9,3,0.68,7,16,dormido,1
10644,site_c,transaccional,android,4,0,0.66,27,29,dormido,0
10645,site_c,promocional,ios,2,4,0.07,1,5,nuevo,1
10646,site_a,informativa,ios,22,3,0.4,27,22,dormido,0
10647,site_a,informativa,android,5,5,0.18,16,21,activo,1
10648,site_b,promocional,android,3,6,0.16,38,3,nuevo,0
10649,site_c,informativa,android,17,6,0.83,7,16,nuevo,1
10650,site_c,transaccional,ios,8,6,0.04,44,26,activo,0
10651,site_a,promocional,android,16,5,0.42,23,8,vip,0
10652,site_b,informativa,android,12,6,0.17,41,3,vip,0
10653,site_c,promocional,android,14,2,0.88,11,6,activo,1
10654,site_c,transaccional,web,19,5,0.56,42,22,activo,0
10655,site_b,transaccional,android,16,4,0.23,33,1,dormido,0
10656,site_b,informativa,web,12,3,0.5,36,16,nuevo,0
10657,site_c,transaccional,web,15,4,0.73,37,23,dormido,1
10658,site_c,promocional,android,21,1,0.96,41,7,activo,1
10659,site_b,transaccional,web,3,6,0.22,17,22,dormido,0
10660,site_c,promocional,android,4,1,0.89,35,29,activo,0
10661,site_a,promocional,ios,4,0,0.93,48,14,dormido,0
10662,site_a,transaccional,ios,8,0,0.92,5,14,dormido,0
10663,site_b,informativa,ios,16,1,0.64,48,7,vip,0
10664,site_b,transaccional,ios,12,5,0.63,32,15,activo,0
10665,site_b,promocional,web,1,4,0.4,3,18,dormido,1
10666,site_a,promocional,android,12,1,0.75,47,10,nuevo,1
10667,site_c,transaccional,android,21,0,0.53,35,1,dormido,0
10668,site_a,informativa,android,20,1,0.68,14,22,dormido,1
10669,site_c,informativa,ios,22,5,0.43,48,23,nuevo,1
10670,site_a,promocional,ios,18,1,0.73,31,16,activo,1
10671,site_c,promocional,android,2,4,0.82,31,27,vip,1
10672,site_a,informativa,ios,9,3,0.15,17,25,vip,0
10673,site_b,transaccional,android,1,5,0.83,24,15,vip,0
10674,site_a,promocional,android,12,0,0.54,23,24,nuevo,0
10675,site_c,promocional,android,18,4,0.84,18,14,dormido,1
10676,site_a,informativa,android,16,1,0.43,14,12,activo,0
10677,site_a,transaccional,android,20,1,0.38,15,14,dormido,1
10678,site_a,informativa,android,13,3,0.92,15,26,vip,0
10679,site_b,transaccional,android,11,0,0.25,6,3,dormido,0
10680,site_a,transaccional,ios,20,0,0.84,27,15,nuevo,1
10681,site_b,transaccional,android,11,2,0.48,15,29,nuevo,0
10682,site_b,promocional,android,10,0,0.51,36,11,activo,0
10683,site_a,informativa,ios,6,3,0.31,8,29,activo,1
10684,site_a,informativa,ios,3,6,0.57,15,3,vip,1
10685,site_a,transaccional,ios,18,2,0.33,3,2,activo,1
10686,site_c,promocional,android,0,2,0.04,47,21,dormido,0
10687,site_a,promocional,web,23,1,0.27,13,16,nuevo,0
10688,site_b,informativa,web,2,1,0.01,41,21,nuevo,0
10689,site_a,promocional,ios,12,0,0.98,34,17,nuevo,0
10690,site_c,promocional,web,14,2,0.97,24,24,activo,1
10691,site_a,transaccional,ios,1,1,0.4,40,17,nuevo,1
10692,site_c,promocional,android,10,3,0.73,32,22,nuevo,0
10693,site_c,transaccional,web,3,1,0.35,32,27,nuevo,1
10694,site_a,informativa,android,18,5,0.67,30,16,vip,0
10695,site_b,promocional,web,16,5,0.81,49,11,vip,1
10696,site_c,informativa,android,2,1,0.95,13,22,activo,1
10697,site_a,informativa,web,17,2,0.4,1,20,nuevo,0
10698,site_a,promocional,android,7,6,0.78,34,23,activo,1
10699,site_b,promocional,android,21,6,0.27,15,3,nuevo,1
10700,site_c,informativa,web,23,2,0.99,44,11,nuevo,1
10701,site_c,promocional,android,18,4,0.03,14,25,nuevo,0
10702,site_a,transaccional,android,4,6,0.6,29,22,activo,0
10703,site_a,transaccional,android,6,5,0.66,34,21,activo,0
10704,site_b,promocional,web,20,3,0.69,18,20,nuevo,0
10705,site_b,informativa,web,7,2,0.12,7,19,dormido,0
10706,site_c,promocional,android,4,0,0.94,29,14,activo,1
10707,site_c,promocional,android,16,5,0.18,31,22,vip,1
10708,site_a,informativa,web,4,3,0.62,25,27,activo,0
10709,site_c,informativa,web,3,3,0.22,38,15,nuevo,0
10710,site_b,transaccional,android,21,2,0.31,14,4,dormido,1
10711,site_b,informativa,android,18,3,0.55,8,20,nuevo,0
10712,site_a,transaccional,android,20,2,0.42,27,14,vip,0
10713,site_b,informativa,ios,1,6,0.16,2,16,activo,0
10714,site_b,promocional,web,10,1,0.17,17,17,activo,0
10715,site_b,transaccional,ios,21,5,0.42,37,4,nuevo,1
10716,site_b,transaccional,web,12,4,0.76,14,12,nuevo,1
10717,site_a,transaccional,web,14,1,0.9,25,18,vip,0
10718,site_a,promocional,web,11,5,0.08,30,29,dormido,0
10719,site_c,promocional,web,21,2,0.39,29,12,vip,0
10720,site_b,promocional,web,20,5,0.1,20,17,dormido,0
10721,site_c,promocional,web,21,6,0.02,21,13,activo,0
10722,site_a,promocional,web,10,2,0.66,22,29,dormido,0
10723,site_a,transaccional,ios,6,1,0.6,35,3,dormido,0
10724,site_a,promocional,android,4,0,0.16,37,3,activo,1
10725,site_a,transaccional,android,16,0,0.23,16,19,activo,0
10726,site_a,promocional,ios,23,5,0.02,49,19,activo,0
10727,site_a,informativa,ios,19,0,0.83,43,18,vip,0
10728,site_a,transaccional,ios,8,2,0.97,17,12,activo,1
10729,site_b,informativa,ios,13,3,0.14,16,11,nuevo,0
10730,site_c,transaccional,web,11,2,0.23,2,6,activo,1
10731,site_a,informativa,android,5,3,0.87,4,24,activo,1
10732,site_b,promocional,web,16,1,0.93,21,11,activo,1
10733,site_b,promocional,android,18,4,0.42,39,20,dormido,0
10734,site_c,promocional,android,18,3,0.05,34,3,vip,0
10735,site_a,transaccional,ios,15,0,0.04,30,26,activo,0
10736,site_c,informativa,web,11,2,0.57,6,1,vip,1
10737,site_a,promocional,ios,11,1,0.39,17,1,nuevo,1
10738,site_b,informativa,web,19,0,0.03,39,4,nuevo,1
10739,site_b,informativa,android,5,1,0.58,25,22,activo,0
10740,site_b,promocional,ios,22,4,0.01,5,9,nuevo,0
10741,site_b,promocional,ios,3,6,0.79,5,9,vip,1
10742,site_c,informativa,android,5,2,0.31,20,8,dormido,0
10743,site_a,promocional,android,10,5,0.04,16,12,activo,1
10744,site_a,promocional,android,0,2,0.59,41,6,nuevo,0
10745,site_c,promocional,ios,23,4,0.4,37,4,vip,1
10746,site_a,transaccional,web,22,2,0.97,40,25,vip,1
10747,site_b,informativa,ios,14,5,0.54,9,9,nuevo,0
10748,site_a,informativa,web,10,3,0.28,5,9,vip,1
10749,site_b,transaccional,ios,18,1,0.71,42,5,vip,0
10750,site_c,informativa,ios,17,5,0.27,2,26,activo,1
10751,site_a,promocional,android,16,0,0.9,9,27,vip,1
10752,site_c,informativa,web,18,4,0.37,43,18,nuevo,0
10753,site_a,promocional,ios,20,3,0.55,36,20,activo,1
10754,site_b,transaccional,ios,13,0,0.05,22,7,nuevo,0
10755,site_c,promocional,android,17,0,0.43,22,0,dormido,0
10756,site_a,informativa,android,18,4,0.83,22,27,nuevo,0
10757,site_b,informativa,web,14,3,0.81,34,16,nuevo,1
10758,site_c,informativa,ios,14,6,0.22,29,6,activo,0
10759,site_c,transaccional,web,3,0,0.23,38,13,vip,1
10760,site_a,transaccional,ios,6,0,0.82,46,20,nuevo,1
10761,site_a,informativa,web,12,3,0.93,33,29,activo,0
10762,site_a,promocional,android,2,2,0.1,18,20,dormido,0
10763,site_b,transaccional,ios,15,0,0.45,7,16,activo,1
10764,site_a,informativa,web,8,1,0.34,1,8,activo,1
10765,site_c,informativa,android,7,3,0.87,33,16,vip,1
10766,site_c,transaccional,android,19,0,0.08,1,4,nuevo,1
10767,site_a,transaccional,web,12,4,0.21,24,25,dormido,0
10768,site_a,transaccional,ios,16,5,0.75,4,24,activo,0
10769,site_c,promocional,ios,16,1,0.05,4,29,nuevo,1
10770,site_b,promocional,android,16,5,0.49,18,19,nuevo,0
10771,site_a,informativa,ios,0,5,0.44,27,28,activo,0
10772,site_a,transaccional,ios,7,0,0.33,43,7,nuevo,0
10773,site_c,promocional,ios,18,1,0.39,32,5,activo,1
10774,site_a,transaccional,android,5,1,0.53,33,10,activo,1
10775,site_b,informativa,web,2,2,0.16,28,18,activo,0
10776,site_c,promocional,ios,4,5,0.57,42,3,dormido,0
10777,site_a,promocional,android,12,1,0.81,41,17,activo,1
10778,site_c,promocional,android,14,2,0.76,36,0,vip,1
10779,site_a,informativa,web,13,3,0.15,6,12,nuevo,1
10780,site_a,transaccional,ios,22,2,0.15,16,13,dormido,1
10781,site_a,promocional,ios,15,4,0.27,34,23,nuevo,1
10782,site_b,informativa,web,17,6,0.36,23,0,dormido,1
10783,site_b,transaccional,web,21,0,0.41,42,29,vip,0
10784,site_c,informativa,android,21,3,0.68,24,28,dormido,0
10785,site_a,transaccional,android,10,6,0.06,49,10,dormido,0
10786,site_a,informativa,web,2,6,0.03,13,16,dormido,0
10787,site_b,transaccional,ios,21,3,0.39,18,3,nuevo,1
10788,site_a,promocional,android,9,4,0.7,13,25,activo,1
10789,site_b,transaccional,android,9,2,0.19,49,11,nuevo,1
10790,site_a,informativa,ios,20,0,0.64,37,9,activo,1
10791,site_c,informativa,android,15,2,0.26,43,5,nuevo,0
10792,site_a,transaccional,ios,11,1,0.89,39,24,vip,1
10793,site_a,promocional,ios,1,2,0.9,42,0,vip,1
10794,site_b,promocional,ios,8,3,0.3,17,6,dormido,1
10795,site_a,transaccional,web,23,0,0.23,15,25,vip,1
10796,site_a,transaccional,web,2,2,0.41,18,26,dormido,1
10797,site_b,informativa,web,23,0,0.24,23,20,activo,0
10798,site_c,promocional,ios,14,0,0.67,30,27,vip,1
10799,site_c,transaccional,ios,2,1,0.83,34,15,activo,1
10800,site_b,promocional,web,18,1,0.67,4,23,nuevo,1
10801,site_b,transaccional,android,17,3,0.82,3,13,activo,0
10802,site_b,transaccional,ios,7,4,0.4,7,22,nuevo,0
10803,site_b,promocional,android,16,6,0.16,18,19,activo,0
10804,site_b,transaccional,android,7,0,0.74,42,19,activo,1
10805,site_c,transaccional,ios,6,4,0.36,7,5,vip,1
10806,site_c,informativa,ios,6,6,0.67,40,21,activo,0
10807,site_b,transaccional,android,2,6,0.27,6,24,vip,1
10808,site_a,transaccional,android,0,3,0.08,22,27,vip,0
10809,site_b,transaccional,web,3,6,0.99,1,4,dormido,1
10810,site_a,informativa,web,4,6,0.16,4,23,dormido,0
10811,site_b,promocional,ios,0,0,0.99,46,20,nuevo,1
10812,site_b,informativa,web,14,0,0.98,49,17,activo,1
10813,site_c,informativa,web,4,5,0.79,43,14,nuevo,1
10814,site_a,promocional,web,12,4,0.66,29,5,activo,1
10815,site_a,informativa,web,7,2,0.58,21,24,dormido,0
10816,site_c,promocional,android,7,1,0.87,26,28,dormido,0
10817,site_c,informativa,ios,4,2,0.29,14,18,activo,1
10818,site_c,promocional,web,8,4,0.47,9,0,activo,0
10819,site_c,transaccional,android,0,1,0.62,47,0,dormido,1
10820,site_a,informativa,android,3,2,0.41,12,12,dormido,1
10821,site_a,informativa,android,2,5,0.43,42,2,nuevo,0
10822,site_b,informativa,web,1,1,0.33,6,9,dormido,0
10823,site_b,informativa,web,7,0,0.56,20,20,activo,0
10824,site_c,transaccional,ios,22,2,0.85,24,2,nuevo,0
10825,site_c,informativa,web,8,1,0.2,27,8,activo,0
10826,site_c,transaccional,web,1,5,0.93,38,7,vip,0
10827,site_b,transaccional,android,13,6,0.69,8,2,nuevo,1
10828,site_b,transaccional,ios,13,1,0.82,1,24,activo,0
10829,site_b,transaccional,web,3,1,0.56,49,12,dormido,0
10830,site_b,promocional,web,5,5,0.78,49,5,vip,0
10831,site_b,promocional,android,10,6,0.02,24,12,activo,1
10832,site_b,informativa,android,2,2,0.82,47,22,nuevo,0
10833,site_b,promocional,web,7,3,0.04,7,19,activo,0
10834,site_c,promocional,ios,2,2,0.89,19,19,vip,1
10835,site_c,informativa,ios,13,6,0.99,22,11,nuevo,0
10836,site_c,informativa,android,12,4,0.29,35,12,vip,1
10837,site_c,informativa,android,12,5,0.21,30,1,activo,1
10838,site_b,promocional,web,1,2,0.77,29,20,dormido,0
10839,site_a,promocional,android,12,1,0.25,22,23,dormido,0
10840,site_b,informativa,web,18,5,0.87,11,22,activo,1
10841,site_a,transaccional,ios,5,0,0.1,20,15,activo,0
10842,site_c,informativa,ios,15,6,0.13,29,22,activo,0
10843,site_b,transaccional,web,1,2,0.98,41,5,nuevo,1
10844,site_c,transaccional,android,7,5,0.67,42,18,vip,0
10845,site_b,informativa,ios,16,2,0.85,34,20,vip,0
10846,site_c,informativa,android,22,5,0.32,1,12,vip,0
10847,site_a,informativa,ios,1,1,0.68,31,16,activo,0
10848,site_a,promocional,web,9,0,0.59,30,22,vip,0
10849,site_a,transaccional,web,15,0,0.6,48,8,activo,1
10850,site_b,promocional,web,5,4,0.68,18,16,nuevo,1
10851,site_a,promocional,ios,1,5,0.58,17,28,dormido,0
10852,site_b,informativa,android,1,2,0.43,38,1,activo,0
10853,site_a,promocional,android,12,0,0.28,14,18,activo,1
10854,site_a,informativa,android,23,6,0.77,23,18,dormido,0
10855,site_b,transaccional,ios,14,0,0.23,25,23,dormido,0
10856,site_b,informativa,ios,1,3,0.69,15,6,nuevo,1
10857,site_a,promocional,ios,6,3,0.23,46,21,vip,1
10858,site_b,promocional,ios,2,0,0.63,22,9,activo,1
10859,site_a,informativa,ios,7,5,0.75,3,9,vip,1
10860,site_b,informativa,android,22,4,0.22,19,26,activo,1
10861,site_c,promocional,ios,13,0,0.06,44,19,nuevo,0
10862,site_c,transaccional,ios,23,1,0.13,34,8,dormido,0
10863,site_c,transaccional,android,22,2,0.61,35,16,nuevo,0
10864,site_c,informativa,ios,21,4,0.85,1,26,dormido,1
10865,site_c,transaccional,android,6,1,0.04,21,14,vip,0
10866,site_a,promocional,android,20,4,0.73,29,1,vip,0
10867,site_c,informativa,web,6,1,0.34,6,29,nuevo,0
10868,site_c,promocional,web,0,2,0.48,37,3,dormido,0
10869,site_c,promocional,web,16,2,0.93,1,18,nuevo,1
10870,site_c,transaccional,web,8,3,0.33,1,16,dormido,1
10871,site_b,informativa,ios,20,5,0.47,27,4,dormido,1
10872,site_a,informativa,web,12,1,0.01,21,6,vip,1
10873,site_c,transaccional,android,20,3,0.08,16,17,vip,1
10874,site_c,promocional,ios,18,1,0.26,44,20,dormido,0
10875,site_c,promocional,web,20,3,0.03,40,21,dormido,0
10876,site_a,promocional,android,18,2,0.63,26,26,dormido,1
10877,site_b,promocional,ios,21,4,0.43,16,6,vip,0
10878,site_a,informativa,ios,16,6,0.55,28,16,vip,1
10879,site_b,informativa,web,22,3,0.17,1,6,activo,1
10880,site_c,transaccional,ios,22,1,0.3,36,3,dormido,1
10881,site_c,transaccional,android,9,1,0.66,10,7,activo,1
10882,site_a,informativa,ios,9,6,0.97,43,12,dormido,1
10883,site_a,informativa,android,3,5,0.05,17,3,vip,1
10884,site_b,promocional,ios,7,2,0.89,23,5,activo,1
10885,site_b,promocional,web,21,1,0.58,7,24,activo,0
10886,site_a,transaccional,android,19,0,0.56,44,4,nuevo,0
10887,site_b,informativa,ios,19,4,0.5,7,29,dormido,0
10888,site_a,transaccional,ios,17,3,0.07,44,11,vip,0
10889,site_b,informativa,ios,13,5,0.09,15,3,nuevo,0
10890,site_a,promocional,android,17,6,0.6,34,23,nuevo,1
10891,site_a,transaccional,android,13,4,0.34,46,28,dormido,1
10892,site_a,transaccional,android,19,2,0.92,45,8,nuevo,1
10893,site_b,informativa,web,20,5,0.41,4,3,dormido,1
10894,site_b,promocional,web,23,3,0.14,14,18,nuevo,0
10895,site_b,transaccional,android,14,3,0.71,14,23,dormido,1
10896,site_a,promocional,ios,21,6,0.29,16,13,vip,1
10897,site_b,transaccional,web,3,0,0.53,7,4,dormido,1
10898,site_b,promocional,android,12,6,0.7,32,17,dormido,0
10899,site_a,informativa,ios,22,2,0.9,19,9,activo,1
10900,site_c,transaccional,web,7,5,0.79,2,24,vip,0
10901,site_a,transaccional,ios,17,5,0.68,10,18,vip,0
10902,site_b,promocional,ios,11,1,0.68,17,11,vip,0
10903,site_a,promocional,ios,22,0,0.95,37,17,nuevo,0
10904,site_c,transaccional,ios,13,0,0.3,12,16,activo,0
10905,site_a,informativa,web,1,5,0.0,6,29,vip,0
10906,site_b,promocional,web,17,5,0.27,22,23,nuevo,1
10907,site_c,promocional,web,23,4,0.22,32,10,nuevo,0
10908,site_b,promocional,android,1,4,0.66,41,2,nuevo,1
10909,site_c,transaccional,web,10,4,0.63,20,22,activo,0
10910,site_c,transaccional,ios,8,0,0.59,1,16,nuevo,1
10911,site_a,transaccional,web,11,1,0.02,47,0,activo,0
10912,site_a,transaccional,ios,16,3,0.73,6,14,dormido,1
10913,site_b,informativa,android,14,4,0.32,19,27,nuevo,1
10914,site_a,informativa,ios,16,1,0.67,18,8,vip,0
10915,site_a,transaccional,ios,17,6,0.56,6,14,nuevo,1
10916,site_c,informativa,ios,21,2,0.34,45,27,dormido,0
10917,site_a,promocional,android,5,4,0.13,33,23,dormido,1
10918,site_c,promocional,web,16,6,0.09,23,27,nuevo,0
10919,site_c,promocional,web,22,3,0.83,23,28,dormido,1
10920,site_c,transaccional,android,23,2,0.92,26,2,activo,1
10921,site_b,promocional,ios,17,2,0.65,13,21,activo,1
10922,site_b,informativa,web,7,3,0.1,7,26,nuevo,0
10923,site_b,transaccional,android,8,4,0.4,15,18,activo,0
10924,site_c,informativa,web,5,0,0.73,44,12,activo,1
10925,site_b,promocional,android,4,3,0.78,27,11,vip,1
10926,site_b,promocional,ios,11,3,0.12,26,19,nuevo,0
10927,site_a,promocional,web,10,3,0.0,33,0,dormido,0
10928,site_b,transaccional,android,0,2,0.71,15,20,nuevo,1
10929,site_b,informativa,web,10,1,0.36,36,16,activo,0
10930,site_c,transaccional,web,18,6,0.25,45,12,vip,0
10931,site_c,transaccional,web,8,0,0.01,27,0,nuevo,0
10932,site_c,promocional,web,1,4,0.54,5,9,nuevo,1
10933,site_c,transaccional,android,11,4,0.85,2,14,activo,1
10934,site_c,transaccional,ios,3,6,0.96,33,26,activo,0
10935,site_c,promocional,android,3,1,0.57,16,26,nuevo,1
10936,site_b,transaccional,android,17,3,0.51,23,29,activo,0
10937,site_c,promocional,android,14,0,0.09,38,6,activo,0
10938,site_c,promocional,ios,18,4,0.55,16,27,activo,0
10939,site_a,promocional,web,12,6,0.38,14,21,activo,0
10940,site_b,promocional,web,18,5,0.61,29,17,activo,1
10941,site_b,transaccional,web,16,6,0.39,26,15,vip,1
10942,site_b,promocional,ios,5,4,0.24,35,13,activo,0
10943,site_c,promocional,web,15,3,0.09,15,26,dormido,0
10944,site_c,transaccional,ios,23,5,0.31,3,27,nuevo,1
10945,site_c,transaccional,web,11,1,0.1,23,17,vip,0
10946,site_a,informativa,web,18,0,0.18,29,26,vip,0
10947,site_c,transaccional,android,4,1,0.99,34,6,activo,1
10948,site_a,transaccional,ios,16,1,0.44,33,16,nuevo,1
10949,site_b,informativa,android,22,6,0.53,41,28,dormido,1
10950,site_c,transaccional,android,0,0,0.87,41,17,activo,1
10951,site_a,transaccional,android,23,0,1.0,23,11,nuevo,1
10952,site_a,transaccional,ios,22,4,0.58,7,7,activo,0
10953,site_c,transaccional,ios,9,4,0.81,3,21,activo,1
10954,site_b,informativa,web,14,0,0.33,32,29,activo,0
10955,site_b,transaccional,android,22,5,0.31,31,1,activo,1
10956,site_b,transaccional,web,20,2,0.4,18,6,activo,1
10957,site_a,informativa,android,20,4,0.67,43,3,activo,1
10958,site_a,promocional,ios,10,2,0.68,7,17,activo,1
10959,site_a,informativa,ios,12,6,0.32,41,27,dormido,0
10960,site_a,promocional,ios,4,5,0.13,1,5,vip,1
10961,site_b,informativa,android,0,0,0.63,14,26,dormido,1
10962,site_c,informativa,ios,23,5,0.13,32,8,activo,1
10963,site_a,transaccional,android,11,4,0.58,6,26,activo,0
10964,site_a,promocional,web,10,1,0.69,39,8,dormido,0
10965,site_b,transaccional,android,16,6,0.7,10,13,dormido,1
10966,site_c,promocional,web,3,0,0.75,7,7,vip,0
10967,site_c,informativa,android,14,3,0.87,26,18,dormido,1
10968,site_b,informativa,web,8,6,0.5,34,2,vip,0
10969,site_b,promocional,ios,20,2,0.73,30,17,activo,1
10970,site_c,transaccional,web,19,5,0.62,36,4,nuevo,0
10971,site_a,transaccional,ios,18,0,0.19,21,13,nuevo,0
10972,site_c,transaccional,ios,18,6,0.03,17,27,nuevo,0
10973,site_b,transaccional,web,11,5,0.28,33,29,nuevo,0
10974,site_a,informativa,android,4,0,0.44,10,3,activo,0
10975,site_a,informativa,android,9,4,0.62,47,6,nuevo,1
10976,site_b,informativa,android,16,6,0.85,42,19,dormido,1
10977,site_b,informativa,android,4,4,0.2,12,24,dormido,1
10978,site_b,informativa,android,21,6,0.13,16,27,nuevo,0
10979,site_c,transaccional,ios,15,4,0.96,41,11,dormido,1
10980,site_c,transaccional,android,6,5,0.11,32,1,vip,0
10981,site_a,transaccional,ios,8,3,0.48,15,10,activo,0
10982,site_b,transaccional,ios,2,6,0.59,27,13,nuevo,0
10983,site_a,informativa,ios,14,6,0.54,28,21,nuevo,0
10984,site_a,informativa,web,15,4,0.09,17,22,activo,0
10985,site_a,informativa,web,17,0,0.06,46,15,dormido,0
10986,site_a,promocional,ios,13,6,0.11,2,19,activo,1
10987,site_b,transaccional,web,2,4,0.59,36,28,activo,1
10988,site_a,transaccional,android,11,1,0.54,7,5,dormido,0
10989,site_b,informativa,android,8,4,0.23,13,22,activo,1
10990,site_b,transaccional,ios,6,5,0.64,15,3,dormido,0
10991,site_c,transaccional,android,8,3,0.82,25,14,dormido,1
10992,site_b,informativa,ios,12,1,0.04,23,23,activo,1
10993,site_c,promocional,ios,17,5,0.5,22,24,vip,0
10994,site_b,promocional,android,4,5,0.69,26,0,dormido,0
10995,site_b,promocional,web,12,5,0.25,33,6,activo,0
10996,site_b,informativa,android,3,0,0.31,11,24,dormido,0
10997,site_c,transaccional,android,1,5,0.61,10,11,vip,1
10998,site_c,informativa,ios,15,0,0.9,25,9,vip,1
10999,site_a,informativa,ios,8,5,0.81,37,4,nuevo,1
